"Go - continued","","","",""
"Date","Transaction type and details","Withdrawals","Deposits","Balance"
"Balance brought forward from previous page","","","","793.57"
"14 Jun","VTBALI THAI CU","39.14","","754.43"
"","483561******6798 Orig date 12/06/2023","","",""
"14 Jun","EPGULL AWATEA RD 483561****** 6798 C","103.42","","651.01"
"15 Jun","VTUC FACM-PARK","8.00","","643.01"
"","483561******6798 Orig date 14/06/2023","","",""
"15 Jun","VTKFC HORNBY -","13.80","","629.21"
"","483561******6798 Orig date 13/06/2023","","",""
"15 Jun","VTMCDONALDS HO","16.20","","613.01"
"","483561******6798 Orig date 13/06/2023","","",""
"15 Jun","VTUBER *TRIP","16.66","","596.35"
"","483561******6798 Orig date 12/06/2023","","",""
"15 Jun","VTBurger King","29.80","","566.55"
"","483561******6798 Orig date 15/06/2023","","",""
"15 Jun","BPHafi burger king","13.50","","553.05"
"16 Jun","VTKFC HORNBY -","13.00","","540.05"
"","483561******6798 Orig date 14/06/2023","","",""
"16 Jun","VTMCDONALDS HO","16.20","","523.85"
"","483561******6798 Orig date 14/06/2023","","",""
"16 Jun","BPHaru empire","19.00","","504.85"
"19 Jun","BPSALMAN,MUHAMM BILL PAYMENT","","13.00","517.85"
"19 Jun","BPOYA,HARUKA Carl's Jr","","23.19","541.04"
"19 Jun","DC01-0811-0846368-01 CREDIT TRANSFER 120113","","500.00","1,041.04"
"19 Jun","VTCOFFEE CREW","5.15","","1,035.89"
"","483561******6798 Orig date 18/06/2023","","",""
"19 Jun","VTMCDONALDS HO","13.00","","1,022.89"
"","483561******6798 Orig date 18/06/2023","","",""
"19 Jun","VTKFC HORNBY -","15.07","","1,007.82"
"","483561******6798 Orig date 17/06/2023","","",""
"19 Jun","VTMCDONALDS HO","16.20","","991.62"
"","483561******6798 Orig date 17/06/2023","","",""
"19 Jun","VTADAM'S NOODL","18.00","","973.62"
"","483561******6798 Orig date 18/06/2023","","",""
"19 Jun","VTMCDONALDS HO","18.90","","954.72"
"","483561******6798 Orig date 18/06/2023","","",""
"19 Jun","VTDominos Esto","27.02","","927.70"
"","483561******6798 Orig date 16/06/2023","","",""
"19 Jun","VTPak N Save H","40.97","","886.73"
"","483561******6798 Orig date 18/06/2023","","",""
"19 Jun","VTBP 2GO HALSW","73.90","","812.83"
"","483561******6798 Orig date 18/06/2023","","",""
"19 Jun","ATANZ S3A1649 BP Halswell 102540","100.00","","712.83"
"19 Jun","BPHashir electricity","140.00","","572.83"
"19 Jun","BPHashir poweball","8.00","","564.83"
"20 Jun","BPSALMAN,MUHAMM BILL PAYMENT","","20.00","584.83"
"20 Jun","VTMCDONALDS HO","12.90","","571.93"
"","483561******6798 Orig date 18/06/2023","","",""
"20 Jun","VTCJ BUSH INN","51.57","","520.36"
"","483561******6798 Orig date 18/06/2023","","",""
"21 Jun","VTKFC RICCARTO","22.26","","498.10"
"","483561******6798 Orig date 19/06/2023","","",""
"22 Jun","BPSALMAN,MUHAMM BILL PAYMENT","","9.00","507.10"
"22 Jun","BPOYA,HARUKA Miss pepperc","","46.50","553.60"
"22 Jun","VTBP 2GO HALSW","5.00","","548.60"
"","483561******6798 Orig date 21/06/2023","","",""
"22 Jun","VTUC FACM-PARK","8.00","","540.60"
"","483561******6798 Orig date 21/06/2023","","",""
"Totals at end of page","","$864.66","$611.69","$540.60"
"Text","","","",""
"text","","","",""
"AP Automatic Payment","BP Bill PaymentDC Direct CreditED Electronic Dishonour","FX Foreign Exchange","IP International EFTPOS Transaction","IF International Payment"
