"Go - continued","","","",""
"Date","Transaction type and details","Withdrawals","Deposits","Balance"
"Balance brought forward from previous page","","","","450.93"
"31 Jul","VTNANDO'S CHCH","5.00","","445.93"
"","483561******6798 Orig date 28/07/2023","","",""
"31 Jul","VTMCDONALDS HO","11.40","","434.53"
"","483561******6798 Orig date 27/07/2023","","",""
"31 Jul","VTCENTRAL PARK","11.90","","422.63"
"","483561******6798 Orig date 28/07/2023","","",""
"31 Jul","VTKFC HORNBY -","15.96","","406.67"
"","483561******6798 Orig date 28/07/2023","","",""
"31 Jul","VTMCDONALDS HO","17.70","","388.97"
"","483561******6798 Orig date 29/07/2023","","",""
"31 Jul","VTHOYTS COLOMB","19.30","","369.67"
"","483561******6798 Orig date 28/07/2023","","",""
"31 Jul","VTMCDONALDS HO","26.60","","343.07"
"","483561******6798 Orig date 30/07/2023","","",""
"31 Jul","VTNPD MOORHOUS","43.50","","299.57"
"","483561******6798 Orig date 29/07/2023","","",""
"31 Jul","VTEL QUINCHO","57.39","","242.18"
"","483561******6798 Orig date 30/07/2023","","",""
"31 Jul","BPHaru ciggy","43.00","","199.18"
"31 Jul","BPHashir nandos","25.00","","174.18"
"01 Aug","BPOYA,HARUKA Kinji","","150.00","324.18"
"01 Aug","DC01-0811-0846368-01 CREDIT TRANSFER 191811","","200.00","524.18"
"01 Aug","VTBALI THAI CU","0.50","","523.68"
"","483561******6798 Orig date 31/07/2023","","",""
"01 Aug","VTNew World Wi","6.35","","517.33"
"","483561******6798 Orig date 31/07/2023","","",""
"01 Aug","VTBALI THAI CU","15.99","","501.34"
"","483561******6798 Orig date 31/07/2023","","",""
"01 Aug","VTKFC RICCARTO","23.49","","477.85"
"","483561******6798 Orig date 30/07/2023","","",""
"02 Aug","BPSALMAN,MUHAMM BILL PAYMENT","","9.00","486.85"
"02 Aug","BPOYA,HARUKA Kinji","","50.00","536.85"
"02 Aug","VTKFC HORNBY -","40.44","","496.41"
"","483561******6798 Orig date 31/07/2023","","",""
"02 Aug","VTKINJI JAPANE","156.00","","340.41"
"","483561******6798 Orig date 01/08/2023","","",""
"02 Aug","BPHaru Kinji","75.00","","265.41"
"02 Aug","EPGULL AWATEA RD 483561****** 6798 C","125.47","","139.94"
"03 Aug","BPSALMAN,MUHAMM BILL PAYMENT","","10.00","149.94"
"03 Aug","IFMUHAMMAD SAEED RAFIQ 23803035909C S000 IMT","","2,000.00","2,149.94"
"03 Aug","VTKFC COLOMBO","13.79","","2,136.15"
"","483561******6798 Orig date 01/08/2023","","",""
"03 Aug","VTKFC RICCARTO","17.98","","2,118.17"
"","483561******6798 Orig date 01/08/2023","","",""
"04 Aug","DC01-0811-0846368-01 CREDIT TRANSFER 192135","","200.00","2,318.17"
"04 Aug","BPPB Technologies 996536172468","54.64","","2,263.53"
"04 Aug","VTMCDONALDS HO","16.20","","2,247.33"
"","483561******6798 Orig date 03/08/2023","","",""
"04 Aug","VTSHISHA HOOKA","36.99","","2,210.34"
"","483561******6798 Orig date 03/08/2023","","",""
"04 Aug","VTKFC HORNBY -","40.51","","2,169.83"
"","483561******6798 Orig date 02/08/2023","","",""
"04 Aug","BPHaru Kebab Hub","28.00","","2,141.83"
"04 Aug","DD 01-0811-0846368-02 DEBIT TRANSFER 192120","1,949.00","","192.83"
"07 Aug","DC01-0811-0846368-01 CREDIT TRANSFER 031047","","300.00","492.83"
"Totals at end of page","","$2,877.10","$2,919.00","$492.83"
"Text","","","",""
"text","","","",""
"AP Automatic Payment","BP Bill PaymentDC Direct CreditED Electronic Dishonour","FX Foreign Exchange","IP International EFTPOS Transaction","IF International Payment"
