"Go - continued","","","",""
"Date","Transaction type and details","Withdrawals","Deposits","Balance"
"Balance brought forward from previous page","","","","427.88"
"29 Jun","APOYA,HARUKA Uber pass","","5.00","432.88"
"30 Jun","EPGULL AWATEA RD 483561****** 6798 C","87.50","","345.38"
"03 Jul","BPSALMAN,MUHAMM BILL PAYMENT","","4.50","349.88"
"03 Jul","DC MOBILE PEER TO PEER grocery 9311570","","52.00","401.88"
"03 Jul","DC01-0811-0846368-02 CREDIT TRANSFER 130245","","200.00","601.88"
"03 Jul","VTMCDONALDS HO","4.80","","597.08"
"","483561******6798 Orig date 29/06/2023","","",""
"03 Jul","VTMCDONALDS HO","4.80","","592.28"
"","483561******6798 Orig date 02/07/2023","","",""
"03 Jul","VTMCDONALDS CH","5.20","","587.08"
"","483561******6798 Orig date 29/06/2023","","",""
"03 Jul","VTPak N Save R","6.99","","580.09"
"","483561******6798 Orig date 01/07/2023","","",""
"03 Jul","VTMCDONALDS HO","13.50","","566.59"
"","483561******6798 Orig date 01/07/2023","","",""
"03 Jul","VTMCDONALDS HO","13.50","","553.09"
"","483561******6798 Orig date 01/07/2023","","",""
"03 Jul","VTPITMANS GOLF","30.00","","523.09"
"","483561******6798 Orig date 02/07/2023","","",""
"03 Jul","VTThe Warehous","32.45","","490.64"
"","483561******6798 Orig date 02/07/2023","","",""
"03 Jul","VTGLOBAL FRESH","53.35","","437.29"
"","483561******6798 Orig date 30/06/2023","","",""
"03 Jul","VTBP 2GO HALSW","73.90","","363.39"
"","483561******6798 Orig date 02/07/2023","","",""
"03 Jul","ATANZ S3A1649 BP Halswell 110535","140.00","","223.39"
"03 Jul","BPHafi Food","11.50","","211.89"
"03 Jul","EPMCDONALDS HORNBY 483561****** 6798 C","4.50","","207.39"
"04 Jul","BPSALMAN,MUHAMM BILL PAYMENT","","27.50","234.89"
"04 Jul","VTKFC HORNBY -","10.97","","223.92"
"","483561******6798 Orig date 02/07/2023","","",""
"05 Jul","BPOYA,HARUKA POP","","27.00","250.92"
"05 Jul","DC01-0811-0846368-02 CREDIT TRANSFER 115435","","400.00","650.92"
"05 Jul","VTMCDONALDS HO","5.10","","645.82"
"","483561******6798 Orig date 04/07/2023","","",""
"05 Jul","VTCHRISTCHURCH","7.00","","638.82"
"","483561******6798 Orig date 04/07/2023","","",""
"05 Jul","EPPrince of Persia Res 483561****** 6798 C","57.00","","581.82"
"06 Jul","VTKFC HORNBY -","1.79","","580.03"
"","483561******6798 Orig date 04/07/2023","","",""
"06 Jul","VTBurger King","18.80","","561.23"
"","483561******6798 Orig date 05/07/2023","","",""
"06 Jul","VTKFC HORNBY -","22.74","","538.49"
"","483561******6798 Orig date 04/07/2023","","",""
"06 Jul","BPHaru Timezone","30.00","","508.49"
"06 Jul","EPCHCH IMMIGRATION HEA 483561****** 6798 C","375.00","","133.49"
"07 Jul","DC01-0811-0846368-02 CREDIT TRANSFER 022952","","300.00","433.49"
"07 Jul","BPHaru La Porchetta","26.50","","406.99"
"07 Jul","EPGULL AWATEA RD 483561****** 6798 C","124.99","","282.00"
"10 Jul","BPOYA,HARUKA Miss P","","20.00","302.00"
"10 Jul","DC01-0811-0846368-01 CREDIT TRANSFER 143440","","500.00","802.00"
"10 Jul","DC01-0811-0846368-02 CREDIT TRANSFER 180154","","200.00","1,002.00"
"10 Jul","VTKFC HORNBY -","12.19","","989.81"
"","483561******6798 Orig date 07/07/2023","","",""
"Totals at end of page","","$1,174.07","$1,736.00","$989.81"
"Text","","","",""
"text","","","",""
"AP Automatic Payment","BP Bill PaymentDC Direct CreditED Electronic Dishonour","FX Foreign Exchange","IP International EFTPOS Transaction","IF International Payment"
