"Today's statements","","",""
"Account type","Account number","","Balance"
"Go","01-0811-0846368-00","","176.83"
"Other account balances","","",""
"Account numberAccount type","Maturity date","Rate (p.a.)","Balance"
"Go01-0811-0846368-01","","","700.00"
"Go01-0811-0846368-02","","","5,949.80"
"Go","","",""
"MR M H SAEEDAccount name","","",""
"01-0811-0846368-00Account number","","",""
"00020Statement number","","",""
"13 Jun 2023 - 11 Aug 2023Statement period","","",""
"DateTransaction type and details","Withdrawals","Deposits","Balance"
"13 JunOpening balance","","","584.57"
"13 JunBPSALMAN,MUHAMM BILL PAYMENT","","13.00","597.57"
"13 JunBPSALMAN,MUHAMM BILL PAYMENT","","14.00","611.57"
"13 JunBPOYA,HARUKA Bali thai","","20.00","631.57"
"13 JunVTMCDONALDS HO","29.70","","601.87"
"483561******6798 Orig date 12/06/2023","","",""
"13 JunEPHORNBY RADIATOR SHOP 483561****** 6798 C","99.00","","502.87"
"14 JunDC01-0811-0846368-02 CREDIT TRANSFER 175706","","400.00","902.87"
"14 JunVTUBER *TRIP","13.40","","889.47"
"483561******6798 Orig date 12/06/2023","","",""
"14 JunVTKFC RICCARTO","26.00","","863.47"
"483561******6798 Orig date 12/06/2023","","",""
"14 JunVTKFC HORNBY -","32.90","","830.57"
"483561******6798 Orig date 13/06/2023","","",""
"14 JunVTDominos Esto","37.00","","793.57"
"483561******6798 Orig date 13/06/2023","","",""
"Totals at end of page","$238.00","$447.00","$793.57"
"Text","","",""
"text","","",""
"AP Automatic PaymentBP Bill PaymentDC Direct CreditED Electronic Dishonour","FX Foreign Exchange","IP International EFTPOS Transaction","IF International Payment"
